Abbreviation,Name
AKM,NA
ANC,NA
ASJ,NA
CJS,NA
CMB,NA
Cornell,NA
H.Specht,NA
HJB,NA
HMS,NA
KWP,NA
MCM,NA
MHM,NA
MLM,NA
MVM,NA
NRS,NA
VJ,NA
abeardsell,NA
abourbeaulemieux,NA
abrissette,NA
acook,NA
aguerettemontminy,NA
ajonhson,NA
akprimeau,NA
alauzon,NA
amichon,NA
amylnikova,NA
aog,NA
arobillard,NA
ashling,NA
atarroux,NA
ataylor,NA
aveillette,NA
avs,NA
bcurry,NA
bhaase,NA
bhm,NA
bhr,NA
bksandercock,NA
blewis,NA
boadway,NA
boadways,NA
brissette,NA
brobinson,NA
bschwarz,NA
btremblay,NA
burle,NA
cbalthazar,NA
ccameron,NA
celverum,NA
cgalasso,NA
cgovernali,NA
chenry,NA
chiang,NA
choi,NA
cmorin,NA
cmw,NA
coutsoubos,NA
cruiz,NA
crutt,NA
ctrevor,NA
cychiang,NA
d.taylor,NA
dduchesne,NA
denega,NA
dfauteux,NA
dgaspard,NA
dhw,NA
dleandribreton,NA
dootoova,NA
dosipov,NA
druthrauff,NA
dsolovieva,NA
dsolovyeva,NA
dvs,NA
eaba_crew,NA
ebkwon,NA
ehsu,NA
ejones,NA
ekistler,NA
elevesque,NA
ematsyna,NA
epalm,NA
esoininen,NA
etremblay,NA
fbilodeau,NA
fchevreux,NA
fdulude,NA
flapierrepoulin,NA
flin,NA
fontaine,NA
frousseu,NA
ganx,NA
gates,NA
ggauthier,NA
gletourneau,NA
gmontgomery,NA
gmontpetitallard,NA
gouelletcauchon,NA
gpavlyukov,NA
gsoloviev,NA
gsouchay,NA
haase,NA
hkristenson,NA
hmailhotcouture,NA
hmeltofte,NA
ipratte,NA
jaldabe,NA
jboadway,NA
jchoi,NA
jcoffey,NA
jek,NA
jfrenette,NA
jg,NA
jlamarre,NA
jlefebvre,NA
jlibezeit,NA
jmenard,NA
jootoova,NA
jrausch,NA
jtherien,NA
jtherrien,NA
juillerat,NA
jwright,NA
jzamudio,NA
kboadway,NA
krueper,NA
kvy,NA
kward,NA
kwp,NA
larned,NA
lebouard,NA
lmkinnon,NA
lpadegimas,NA
lrensel,NA
lsavoy,NA
ly,NA
mavaliquette,NA
mcmartin,NA
mdeladurantaye,NA
mdoiron,NA
mettuvgy,NA
mgiroux,NA
mgrahamsauve,NA
mjrioux,NA
mkpeck,NA
mlm,NA
mmorrissette,NA
moakes,NA
morgan,NA
msoloviev,NA
mtremblay,NA
myang,NA
nap,NA
naves,NA
nbradette,NA
nburrell,NA
ngruyer,NA
norwood,NA
nwilder,NA
pbouchard,NA
phsu,NA
pmickelson,NA
pmorissette,NA
pylherault,NA
ramster,NA
rankin,NA
scoulombe,NA
sdescamps,NA
selvidge,NA
ssapora,NA
sshulte,NA
strait,NA
syezerinac,NA
taylor,NA
teltscher,NA
thomas,NA
tnoah,NA
trask,NA
vduclos,NA
vgolovnyuk,NA
vlamarre,NA
vmarmillot,NA
yseyer,NA
NA,NA
